{
  "$schema": "https://developer.joomla.org/schemas/json-schema/web_assets.json",
  "name": "com_ghsthing",
  "version": "4.0.0",
  "description": "Joomla CMS",
  "license": "GPL-2.0-or-later",
  "assets": [
    {
      "name": "com_ghsthing.css.backend",
      "type": "style",
      "uri": "com_ghsthing/backend.css",
      "version": "499a9068558e5a85a56f8b4cc3149b2ab3b4dd01"
    },
    {
      "name": "com_ghsthing.css.backend-edit",
      "type": "style",
      "uri": "com_ghsthing/backend-edit.css",
      "version": "499a9068558e5a85a56f8b4cc3149b2ab3b4dd01"
    }
  ]
}
